INSERT INTO `users`(`id`, `ethaddress`, `nickname`, `mail`, `encrypted_password`, `salt`) VALUES
  (1, '0x6a8dcea6cfeca4e6742f6900928fbde35cb64f5c', '福田 彩', 'pablo@weberwhite.info', 'f17597a0409960fdb070db1df1cd6c926568c32b6f770541fb1a73cf6f38caf3', 'Go9q8y36QbP5TaPiX2D3'),
  (2, '0x81eb669b3fdaeeba10587de4a63d96c9415be655', '武田 智子', 'lavonda@hettingergibson.biz', '3903cb5e81462f14b634416c4cc4123f9e86a0183721fcd2e2811421d8dc32d0', 'P56s2gLfE2VnDhVpNdI5'),
  (3, '0x3cf71a2250e01bf74bcf340d390100f52bd784f2', '河野 樹', 'barrett@blick.com', 'c565d543e348b1890446c0e2698ce65669275808d8bd468471011f6814d39617', '7g8mL51a05LzVo9oOuBl'),
  (4, '0x031cff7582f07f5d9cffe63f82bd62548034ab81', '増田 奈々', 'lesleydare@senger.com', '2e7a8d2b08d7bb83841f91e6327f19f66c4369ba971d82181b66f62fd5059f47', 'BqXr9c13CwAyNoXlWwVr'),
  (5, '0x728d7eec4431cc0dcafc3eaeaf4b438f08464d11', '高橋 結', 'royal@schimmel.info', '2c761a7fead4fecba8b750d940ca80203293a6d0da19268b2e1cccd9cfc941c2', 'Cv3dMhYzKu8d777nS79c'),
  (6, '0x43a4872fbc2454beb0ae613c6e9479012ed9e489', '中村 葵', 'cariaprohaska@andersonherzog.com', 'ec2041e1732605b5e463cd46d0bc86a09a967f13cf5059b3ebf7f50ffc9edba8', '2lBv0oDtKgLr8l6u1mXi'),
  (7, '0x36d75ab6d8e74cf681a74f4bd45f0323fc406e44', '村上 隼人', 'pamula@beer.com', 'd2f71e268f477276b44f717805f2e66f72c04c784d05de0393e0116077fe86af', 'BuRdKi2r77C6Zy4h6g5u'),
  (8, '0xd4efce6ef143c8d665d120d0082b237e8c40b6cf', '河野 奈々', 'minnaleuschke@bins.org', '0c5b6e1025bbd9b3e12996fa1da855b0c848cf52d352da4df3897118e0dacc52', 'BoOt8zU1L47x16RoPcPh'),
  (9, '0x03614763f5bf1d108148ddbcca15ca960af2376d', '斎藤 陸', 'sidankunding@heaney.info', '4318a63991df31caa670b001e684a3e548c69c9089b7d20aa5ee6bc5a726791a', '53UpUsHrCkPxD02sMjH7'),
  (10, '0x6acfae9e1c163d4f52c0a2186e17f186aa0f9fc9', '太田 光', 'jonathon@ondricka.com', '8c2d044f3dd736e4e4e9131704e99dd1e702e28955414d4eb6597f795c2ad7cb', 'VgDi8i6lBsYa38NhJ5Xl');
INSERT INTO `rooms`(`id`, `owner_id`, `owner_address`, `title`, `event_code`, `address`, `create_tx_hash`) VALUES
  (1, 7, '0x36d75ab6d8e74cf681a74f4bd45f0323fc406e44', 'Biodex', 'FQ2Y', '0x9f5e4941a5bee70fabee350b92b1086b5653e692', '0xc0e257efccd2b9bbdd47a58b56cc738d55c7a0271003dbdb36b931a5ea869117'),
  (2, 8, '0xd4efce6ef143c8d665d120d0082b237e8c40b6cf', 'Holdlamis', 'QHLT', '0x17bdbf277e0bbb6d1252b3c814b80338f5e0556e', '0xd550f45a7464cf3a70b1a6fc09bf6083ef3997a0465bc42a6b118f4a9be1b84e'),
  (3, 8, '0xd4efce6ef143c8d665d120d0082b237e8c40b6cf', 'Mat Lam Tam', 'D6HN', '0x58bf00ca9c2b84d2b6c31d653d161bb33d5c5b06', '0x02d42cf0242734095b97224c7a989ca4b8565f7dbb931bbdde4ad19e4e9091df'),
  (4, 10, '0x6acfae9e1c163d4f52c0a2186e17f186aa0f9fc9', 'Fix San', 'DB6Y', '0x363127efba670f1c790336ccfdd16a5c0c987652', '0x92cd687f3ec54481199e8b7dbc1fd09c1265d7e72910f95f6563975c6e73b767'),
  (5, 6, '0x43a4872fbc2454beb0ae613c6e9479012ed9e489', 'Fix San', 'S6EY', '0x0627c9105b83cb847195eddf7ad8b4a6fc447d39', '0xaf899cf76ea79e00acc0223de217b22c4ec675f2e3d2e2e9682d208f11a6c751'),
  (6, 4, '0x031cff7582f07f5d9cffe63f82bd62548034ab81', 'Wrapsafe', 'EF4S', '0x9e05849bdb726bef098ba342a7a57197b8477188', '0xd85bc40357876c08952bf090a14894f22e571a9d1d35baee442074ccd81e0b7d'),
  (7, 9, '0x03614763f5bf1d108148ddbcca15ca960af2376d', 'Tresom', 'VQYT', '0xd93a367684cf466aab214935db54ce2c5846457a', '0x02ca884d8b0a029c5351c30f8b3c0138323f5a18ac5e5506ab39c41500e41756'),
  (8, 7, '0x36d75ab6d8e74cf681a74f4bd45f0323fc406e44', 'Fixflex', 'S4HA', '0x87a458ffbabbb63c9250e5ea85cdc3d8b94683ad', '0x563573a1d46f717dea78222146c7d86d12b1554091992dbcdd781cbbf6b6843c'),
  (9, 9, '0x03614763f5bf1d108148ddbcca15ca960af2376d', 'Tempsoft', 'EVQ5', '0x1ae93d166640d3f6f00dd0c0adecf7a5dc209273', '0x507caf48a7a1b8e9894eba29b1661f38fb7408014c578e906d71f05f9faa922e'),
  (10, 2, '0x81eb669b3fdaeeba10587de4a63d96c9415be655', 'Daltfresh', 'NG6X', '0x9f8de7a41646fbdd5c52c5c4cd0eed74b4af429e', '0x1fc3c7d089fd6e58fd15f3c413a410120ff465fd3b3e9c7a922e60fd8e4459c5'),
  (11, 1, '0x6a8dcea6cfeca4e6742f6900928fbde35cb64f5c', 'Tampflex', 'HAJ8', '0x39e310a5d06463cfcc3d7a60f708789d3ec363d7', '0xf3a2871c0a27cda19e66190ee25cb954a10b1b509e371e2e14ab65cd69a1e5e0'),
  (12, 9, '0x03614763f5bf1d108148ddbcca15ca960af2376d', 'Alphazap', 'TFUA', '0xeaa316360666669cf2cdc04a7d582ccfb2604252', '0x066dedc5d70a6fa03fc9d84b1606f65ffd55d332219e53b4eba69c20ca24e188'),
  (13, 3, '0x3cf71a2250e01bf74bcf340d390100f52bd784f2', 'Ronstring', 'TZYS', '0x4ac7951290f9d291cea20788fd37008655cb1447', '0x1ad981f4ef06066e9e0879f051805222113d3f9d79213823537004efdaf5b076'),
  (14, 6, '0x43a4872fbc2454beb0ae613c6e9479012ed9e489', 'Hatity', 'SVXC', '0x3d90febd2d347487cade8fe5992040905751fdda', '0x64d05635911c515eb16d84d87bb6f48fa3a93305b0f7c578581afcfb41ed584f'),
  (15, 4, '0x031cff7582f07f5d9cffe63f82bd62548034ab81', 'Toughjoyfax', 'N7KZ', '0x9a915d5273d2ae9866f971bb07dab990cfca0829', '0x272028fae53bd4fa2f66bd77327f3fe3e25796e8259523a593e54d3342d1f10d'),
  (16, 3, '0x3cf71a2250e01bf74bcf340d390100f52bd784f2', 'Y-find', 'AXKZ', '0x6caee91dda3a70784499d8963f1201996f90769b', '0xea9641d5e38cc9d4bc55b6c1929fdaa378daa3152cffb0bb7a17b2fcb900e8d0'),
  (17, 2, '0x81eb669b3fdaeeba10587de4a63d96c9415be655', 'Toughjoyfax', 'FJCY', '0x2992f67083b976f650dbc23ad74aaa6c150804b8', '0xf71a6e0cc329ba0e82d408b0944e69e8e181bc20c287c1d6e37a9d18b2e5e163'),
  (18, 2, '0x81eb669b3fdaeeba10587de4a63d96c9415be655', 'Bigtax', 'HXQF', '0xa828d636fdddbe1b1dce642af4c88bd03bdcdff6', '0x6c6b06d30c6b5e086104f39fe9fff09fbb8ace9f8459fcb36c1d32054d9f7ea4'),
  (19, 10, '0x6acfae9e1c163d4f52c0a2186e17f186aa0f9fc9', 'Sonsing', 'N297', '0x1d19b94c4324e29e9d51d4bca4dca3d24bd817e5', '0xf103c77857840289859bfbdc96645796c8c0f61d4b3a3494c2782602f3581101'),
  (20, 9, '0x03614763f5bf1d108148ddbcca15ca960af2376d', 'Treeflex', '', '0x8e63d9ecef58e29f4063132fb9e3b42df03f0fe2', '0xbb6162d33e79dab29311c4919f40f1c243f131c5b61fe6ba7c81ea7fbbeae04e');
INSERT INTO `questions`(`id`, `room_id`, `address`, `owner_id`, `body`) VALUES
  (1, 13, '0x2fe0d39cae35c2a3a6f33112a6d33635c93c9489', NULL, '自立 誓い 差し上げる まぎらす？'),
  (2, 15, '0xe811e845ec1f386a70374438706285c0ae0634a2', NULL, '同僚 喜劇 自立 渦巻き？'),
  (3, 9, '0x6acfae9e1c163d4f52c0a2186e17f186aa0f9fc9', 10, '独裁 すんか あしくび フランス人？'),
  (4, 5, '0x43a4872fbc2454beb0ae613c6e9479012ed9e489', 6, '約する はちまき かんどうする あらあらしい？'),
  (5, 18, '0x8d9b4233da6df284d0c691797822dbe48355eb8b', NULL, 'しょうゆ ぶそう 話 フランス語？'),
  (6, 18, '0xacaac7d4d3407531d2e505df5de622a7659bf4db', NULL, '品詞 傑作 老齢 洋服？'),
  (7, 15, '0xd84fb06dcc1a8aba8c20a691b54511db80d42dc4', NULL, 'しょうがっこう 一文字 不思議 騎兵？'),
  (8, 3, '0x43a4872fbc2454beb0ae613c6e9479012ed9e489', 6, 'どろ 運ぶ いたずら 逆？'),
  (9, 7, '0x6a8dcea6cfeca4e6742f6900928fbde35cb64f5c', 1, '同僚 救急車 あらあらしい けいけんしゃ？'),
  (10, 20, '0x728d7eec4431cc0dcafc3eaeaf4b438f08464d11', 5, 'せいじょう, しょうじょう 迷路 ちえん 〜亭？'),
  (11, 17, '0x1895f121b2a021f610fc0ede1f0bf6722fdfaabc', NULL, 'ないしょばなし 鍋 めいしょ 急騰？'),
  (12, 14, '0x728d7eec4431cc0dcafc3eaeaf4b438f08464d11', 5, '宜しく 親切 平安 ちゅうもんする？'),
  (13, 18, '0x03614763f5bf1d108148ddbcca15ca960af2376d', 9, '機嫌 がいよう 希望する ちあん？'),
  (14, 19, '0x6acfae9e1c163d4f52c0a2186e17f186aa0f9fc9', 10, '奇襲 せんたくする いたずら 黙る？'),
  (15, 19, '0xb59900551065b075a45369fe8e973cb3d391ecf7', NULL, '揺さぶる 手作り かくじっけん 迷路？'),
  (16, 3, '0x2a5a023395a9ecbb0ca52d3ccd586a1aa8b5108b', NULL, '検査 病床 いちだい 靖国神社？'),
  (17, 6, '0xd4efce6ef143c8d665d120d0082b237e8c40b6cf', 8, '伐採 かつ きょうかい ぶき？'),
  (18, 15, '0xfbcb276bebd922c032cf9bda1111593fffae0681', NULL, 'あしくび じょうき 鈍器 病床？'),
  (19, 16, '0x9542be6a51392fc1e5a4d92044c8aa1f24ebadbb', NULL, 'つばさ 自立 老齢 徳川？'),
  (20, 18, '0x28328088fa7ab40d41c5bbcf33931c280ec7a30d', NULL, 'ふかさ しょうりゃく とうさん まほうつかい？'),
  (21, 18, '0xbb54f56180acbd306fe904e2618f336dc8ef7830', NULL, '金星 かいじゅう 遺失 軒？'),
  (22, 14, '0x031cff7582f07f5d9cffe63f82bd62548034ab81', 4, '手作り フランス語 希望する 唄う？'),
  (23, 17, '0xd0435179a3f1501808ec6b99bf3612700b5ecd4d', NULL, 'しきもう 洋服 奉仕 こはん？'),
  (24, 20, '0x728d7eec4431cc0dcafc3eaeaf4b438f08464d11', 5, '鍋 じっかん ぶっきょう つく？'),
  (25, 17, '0x36d75ab6d8e74cf681a74f4bd45f0323fc406e44', 7, 'うえる 山葵 じっかん じょうき？'),
  (26, 4, '0x6a8dcea6cfeca4e6742f6900928fbde35cb64f5c', 1, '出かける なおさら 揺さぶる ひきさく？'),
  (27, 7, '0xd4efce6ef143c8d665d120d0082b237e8c40b6cf', 8, '賢明 フランス語 伐採 輸出？'),
  (28, 12, '0x10fcb615c3b0650534c38a5a8443f846335e6847', NULL, 'さきまわり かんしん ちらかす 零す？'),
  (29, 1, '0x031cff7582f07f5d9cffe63f82bd62548034ab81', 4, 'さいぼう, さいほう 疾走 すんか おきゃくさん？'),
  (30, 7, '0x031cff7582f07f5d9cffe63f82bd62548034ab81', 4, '店 傑作 犠牲 あしくび？'),
  (31, 14, '0x6acfae9e1c163d4f52c0a2186e17f186aa0f9fc9', 10, '消す 塾生 せいしん 大尉？'),
  (32, 16, '0x728d7eec4431cc0dcafc3eaeaf4b438f08464d11', 5, 'つぎつぎ 九日 おんとう いちだい？'),
  (33, 2, '0x6acfae9e1c163d4f52c0a2186e17f186aa0f9fc9', 10, 'みなと 巡回 雑音 むぜい？'),
  (34, 11, '0x81eb669b3fdaeeba10587de4a63d96c9415be655', 2, 'ころす 液体 さきまわり あつい？'),
  (35, 14, '0xd4efce6ef143c8d665d120d0082b237e8c40b6cf', 8, 'ことばつき ぞくご 山葵 たいりく？'),
  (36, 15, '0x43a4872fbc2454beb0ae613c6e9479012ed9e489', 6, 'まつり 仕事 電話 よくげつ？'),
  (37, 13, '0x728d7eec4431cc0dcafc3eaeaf4b438f08464d11', 5, 'れつあく 学者 いじん 迷子？'),
  (38, 9, '0xd4efce6ef143c8d665d120d0082b237e8c40b6cf', 8, '遮断 遺失 みさき たらす？'),
  (39, 6, '0x97600a31cd1e6526b3a38bc8781382322d3ffe7d', NULL, 'きょうふ 無駄 右翼 こわす？'),
  (40, 20, '0x8346f09a78ae827c6feb8fed60e3965fe4a3fd75', NULL, 'けいじばん しゅしょう ちきゅう ごふく？');
